{
  "accuracy": 0.8537333333333333,
  "f1_score": 0.8537176435354862,
  "precision": 0.8537435317559153,
  "recall": 0.8537333333333333,
  "latency_ms": 0.025542910007061437,
  "timestamp": "2026-04-20T21:54:27.472446"
}