{
  "accuracy": 0.8528,
  "f1_score": 0.8527836837468099,
  "precision": 0.852811175851012,
  "recall": 0.8528,
  "latency_ms": 0.05758582963608205,
  "timestamp": "2026-03-15T18:25:29.592288"
}