{
  "accuracy": 0.8528,
  "f1_score": 0.8527836837468099,
  "precision": 0.852811175851012,
  "recall": 0.8528,
  "latency_ms": 0.05692457954864949,
  "timestamp": "2026-03-15T18:21:13.826488"
}