{
  "accuracy": 0.8528,
  "f1_score": 0.8527836837468099,
  "precision": 0.852811175851012,
  "recall": 0.8528,
  "latency_ms": 0.060613749956246465,
  "timestamp": "2026-03-26T15:06:56.534519"
}