{
  "accuracy": 0.6666666666666666,
  "f1_score": 0.6666666666666666,
  "precision": 0.6666666666666666,
  "recall": 0.6666666666666666,
  "latency_ms": 0.0,
  "timestamp": "2026-01-23T18:55:48.086020"
}