{
  "accuracy": 0.8528,
  "f1_score": 0.8527836837468099,
  "precision": 0.852811175851012,
  "recall": 0.8528,
  "latency_ms": 0.059052910073660314,
  "timestamp": "2026-03-16T09:18:03.619277"
}